CREATE DATABASE  IF NOT EXISTS `ud27_ejercicio3` /*!40100 DEFAULT CHARACTER SET utf8mb4 COLLATE utf8mb4_0900_ai_ci */ /*!80016 DEFAULT ENCRYPTION='N' */;
USE `ud27_ejercicio3`;
-- MySQL dump 10.13  Distrib 8.0.28, for Win64 (x86_64)
--
-- Host: 192.168.1.63    Database: ud27_ejercicio3
-- ------------------------------------------------------
-- Server version	8.0.32

/*!40101 SET @OLD_CHARACTER_SET_CLIENT=@@CHARACTER_SET_CLIENT */;
/*!40101 SET @OLD_CHARACTER_SET_RESULTS=@@CHARACTER_SET_RESULTS */;
/*!40101 SET @OLD_COLLATION_CONNECTION=@@COLLATION_CONNECTION */;
/*!50503 SET NAMES utf8 */;
/*!40103 SET @OLD_TIME_ZONE=@@TIME_ZONE */;
/*!40103 SET TIME_ZONE='+00:00' */;
/*!40014 SET @OLD_UNIQUE_CHECKS=@@UNIQUE_CHECKS, UNIQUE_CHECKS=0 */;
/*!40014 SET @OLD_FOREIGN_KEY_CHECKS=@@FOREIGN_KEY_CHECKS, FOREIGN_KEY_CHECKS=0 */;
/*!40101 SET @OLD_SQL_MODE=@@SQL_MODE, SQL_MODE='NO_AUTO_VALUE_ON_ZERO' */;
/*!40111 SET @OLD_SQL_NOTES=@@SQL_NOTES, SQL_NOTES=0 */;

--
-- Table structure for table `cajeros`
--

DROP TABLE IF EXISTS `cajeros`;
/*!40101 SET @saved_cs_client     = @@character_set_client */;
/*!50503 SET character_set_client = utf8mb4 */;
CREATE TABLE `cajeros` (
  `codigo` int NOT NULL AUTO_INCREMENT,
  `nomapels` varchar(255) DEFAULT NULL,
  PRIMARY KEY (`codigo`)
) ENGINE=InnoDB AUTO_INCREMENT=11 DEFAULT CHARSET=utf8mb4 COLLATE=utf8mb4_0900_ai_ci;
/*!40101 SET character_set_client = @saved_cs_client */;

--
-- Dumping data for table `cajeros`
--

LOCK TABLES `cajeros` WRITE;
/*!40000 ALTER TABLE `cajeros` DISABLE KEYS */;
INSERT INTO `cajeros` VALUES (1,'Arya Stark'),(2,'Tyrion Lannister'),(3,'Jon Snow'),(4,'Bran Stark'),(5,'Rob Stark'),(6,'Cersei Lannister'),(7,'Daenerys Targaryen'),(8,'Jaime Lannister'),(9,'Theon Greyjoy'),(10,'Brienne de Tarth');
/*!40000 ALTER TABLE `cajeros` ENABLE KEYS */;
UNLOCK TABLES;

--
-- Table structure for table `maquinas_registradoras`
--

DROP TABLE IF EXISTS `maquinas_registradoras`;
/*!40101 SET @saved_cs_client     = @@character_set_client */;
/*!50503 SET character_set_client = utf8mb4 */;
CREATE TABLE `maquinas_registradoras` (
  `codigo` int NOT NULL AUTO_INCREMENT,
  `piso` int DEFAULT NULL,
  PRIMARY KEY (`codigo`)
) ENGINE=InnoDB AUTO_INCREMENT=11 DEFAULT CHARSET=utf8mb4 COLLATE=utf8mb4_0900_ai_ci;
/*!40101 SET character_set_client = @saved_cs_client */;

--
-- Dumping data for table `maquinas_registradoras`
--

LOCK TABLES `maquinas_registradoras` WRITE;
/*!40000 ALTER TABLE `maquinas_registradoras` DISABLE KEYS */;
INSERT INTO `maquinas_registradoras` VALUES (1,1),(2,2),(3,3),(4,4),(5,5),(6,6),(7,7),(8,8),(9,9),(10,10);
/*!40000 ALTER TABLE `maquinas_registradoras` ENABLE KEYS */;
UNLOCK TABLES;

--
-- Table structure for table `productos`
--

DROP TABLE IF EXISTS `productos`;
/*!40101 SET @saved_cs_client     = @@character_set_client */;
/*!50503 SET character_set_client = utf8mb4 */;
CREATE TABLE `productos` (
  `codigo` int NOT NULL AUTO_INCREMENT,
  `nombre` varchar(100) DEFAULT NULL,
  `precio` int DEFAULT NULL,
  PRIMARY KEY (`codigo`)
) ENGINE=InnoDB AUTO_INCREMENT=11 DEFAULT CHARSET=utf8mb4 COLLATE=utf8mb4_0900_ai_ci;
/*!40101 SET character_set_client = @saved_cs_client */;

--
-- Dumping data for table `productos`
--

LOCK TABLES `productos` WRITE;
/*!40000 ALTER TABLE `productos` DISABLE KEYS */;
INSERT INTO `productos` VALUES (1,'Manzanas',5),(2,'Peras',3),(3,'Pimientos',3),(4,'Pizza',10),(5,'Pan',2),(6,'Croquetas',12),(7,'Macarrones con queso',15),(8,'Patatas',8),(9,'Chorizo',4),(10,'Lomo',7);
/*!40000 ALTER TABLE `productos` ENABLE KEYS */;
UNLOCK TABLES;

--
-- Table structure for table `usuarios`
--

DROP TABLE IF EXISTS `usuarios`;
/*!40101 SET @saved_cs_client     = @@character_set_client */;
/*!50503 SET character_set_client = utf8mb4 */;
CREATE TABLE `usuarios` (
  `id` int NOT NULL AUTO_INCREMENT,
  `username` varchar(155) DEFAULT NULL,
  `password` varchar(155) DEFAULT NULL,
  PRIMARY KEY (`id`)
) ENGINE=InnoDB AUTO_INCREMENT=2 DEFAULT CHARSET=utf8mb4 COLLATE=utf8mb4_0900_ai_ci;
/*!40101 SET character_set_client = @saved_cs_client */;

--
-- Dumping data for table `usuarios`
--

LOCK TABLES `usuarios` WRITE;
/*!40000 ALTER TABLE `usuarios` DISABLE KEYS */;
INSERT INTO `usuarios` VALUES (1,'Palmira','$2a$10$OiPf2xudv7Ml78bIxYIa1OsO9wcs1CxIukhWuPv0bH9oSzQUAUxNi');
/*!40000 ALTER TABLE `usuarios` ENABLE KEYS */;
UNLOCK TABLES;

--
-- Table structure for table `venta`
--

DROP TABLE IF EXISTS `venta`;
/*!40101 SET @saved_cs_client     = @@character_set_client */;
/*!50503 SET character_set_client = utf8mb4 */;
CREATE TABLE `venta` (
  `id` int NOT NULL AUTO_INCREMENT,
  `cajero_id` int DEFAULT NULL,
  `maquina_id` int DEFAULT NULL,
  `producto_id` int DEFAULT NULL,
  PRIMARY KEY (`id`),
  KEY `cajero_id` (`cajero_id`),
  KEY `maquina_id` (`maquina_id`),
  KEY `producto_id` (`producto_id`),
  CONSTRAINT `venta_ibfk_1` FOREIGN KEY (`cajero_id`) REFERENCES `cajeros` (`codigo`) ON DELETE CASCADE ON UPDATE CASCADE,
  CONSTRAINT `venta_ibfk_2` FOREIGN KEY (`maquina_id`) REFERENCES `maquinas_registradoras` (`codigo`) ON DELETE CASCADE ON UPDATE CASCADE,
  CONSTRAINT `venta_ibfk_3` FOREIGN KEY (`producto_id`) REFERENCES `productos` (`codigo`) ON DELETE CASCADE ON UPDATE CASCADE
) ENGINE=InnoDB AUTO_INCREMENT=11 DEFAULT CHARSET=utf8mb4 COLLATE=utf8mb4_0900_ai_ci;
/*!40101 SET character_set_client = @saved_cs_client */;

--
-- Dumping data for table `venta`
--

LOCK TABLES `venta` WRITE;
/*!40000 ALTER TABLE `venta` DISABLE KEYS */;
INSERT INTO `venta` VALUES (1,1,1,1),(2,2,2,2),(3,3,3,3),(4,4,4,4),(5,5,5,5),(6,6,6,6),(7,7,7,7),(8,8,8,8),(9,9,9,9),(10,10,10,10);
/*!40000 ALTER TABLE `venta` ENABLE KEYS */;
UNLOCK TABLES;
/*!40103 SET TIME_ZONE=@OLD_TIME_ZONE */;

/*!40101 SET SQL_MODE=@OLD_SQL_MODE */;
/*!40014 SET FOREIGN_KEY_CHECKS=@OLD_FOREIGN_KEY_CHECKS */;
/*!40014 SET UNIQUE_CHECKS=@OLD_UNIQUE_CHECKS */;
/*!40101 SET CHARACTER_SET_CLIENT=@OLD_CHARACTER_SET_CLIENT */;
/*!40101 SET CHARACTER_SET_RESULTS=@OLD_CHARACTER_SET_RESULTS */;
/*!40101 SET COLLATION_CONNECTION=@OLD_COLLATION_CONNECTION */;
/*!40111 SET SQL_NOTES=@OLD_SQL_NOTES */;

-- Dump completed on 2023-05-02  2:27:40
